text,pca1,pca2,pca3,pca4,pca5,pca6
465,1.8648425502119907,0.9920981788269254,0.21211987532484503,-0.31020928004249626,0.3790998146955385,-0.6996550952614293
68,0.2687047709263513,0.4221678799842232,0.43373234496669993,0.11474231339257335,0.27752404398188185,-0.43054593781862377
161,0.565503791895717,0.8550399417275574,0.7900951265207008,-0.2076679676685852,0.6605258414787283,-0.4811449656398857
86,-0.6557559670279594,0.5168552671657008,0.5451315331430041,0.057550241339038195,0.39528002169438065,-0.14932909610208753
241,0.4233158258890409,-0.030087607132970023,-0.7692197759907579,0.00937034967577151,0.6050023867777384,-0.0996600965849498
186,-0.1218839176731712,-0.20584881052319298,0.06790561728199913,-0.09609370747229604,0.14569898343106136,-0.4390441137341991
60,-1.2068124677674592,-0.2046680249485417,-0.29440669569403594,0.18146484036476251,0.4077546023418469,-0.11941295954188437
105,-0.6303631145082743,0.8526572789728076,0.21668138042280163,0.01880584233379602,0.42784144927628187,-0.10561852892982306
70,-1.172173594578846,-0.27349055841921943,-0.08397776145982347,-0.044623312722996564,0.17000737697340026,-0.2829716802057366
351,0.44751660517663483,1.0576804516673144,0.6292725910681759,0.030156810670007743,0.21293069165977588,-0.3969098285589512
88,-0.7831230839843758,-0.04810173395723884,0.21325471795255566,-0.14292471297889364,0.13046880545718254,-0.4139286927321342
114,-0.8620384970288643,1.1800285575266185,0.8408285888850628,-0.016178621510036174,0.22186947747495894,0.23316661654311333
196,-0.4817007236547007,0.46803546617083164,1.1348873096342267,0.41530502809668546,0.08657839026773265,-0.052638172829931495
47,-2.648069608889047,-0.36988296138019766,0.1112373374189099,0.6449784870195191,0.31012827551322536,-0.09540697735007345
307,0.2178787544492143,0.2990772352354261,0.5125398998489306,0.20752278093812365,1.0848386972588062,-0.2590193485063328
64,-1.5988187013399666,0.3408331074612296,0.25881008816710216,0.32947951468784537,0.34688869116653187,-0.050461654627784396
248,-0.286702260759912,-0.49286862585330493,-0.3002800282369395,0.2798407994048554,0.2608190705130813,-0.401746556161628
278,0.07850776869786483,-0.23466026855080546,0.9164929444432174,0.2099795986459783,-0.09337478409617488,-0.7059068314390129
56,-1.6554385688836675,0.33977534672889415,0.7168968301472011,0.5465978507768186,0.29960067489169184,0.07179493463115827
236,0.04351782121080387,1.800368604802327,0.8282098021718064,0.45474605516136446,-0.3491117742134535,-0.5486620880175906
115,-1.0711799209852497,1.215304482068151,0.4691477789663435,0.41571271751130046,0.0806395737559334,0.047739714172730895
218,-0.3164856448353389,0.071093736369341,-0.5684791686601794,0.4051214155372313,0.5204729589454882,0.1476315626564724
27,-0.6335907459319594,-0.003946892710188932,-0.6883171485046866,0.7706898043983618,-1.0279319666604434,0.10993355832817667
134,-0.5390550177138785,0.10324312168436137,-0.7880791169756081,0.43336357897432365,0.48720969284370824,-0.014219779965984709
78,-1.4003275694886872,0.15989088593634407,0.22568167482552587,0.6225073970887137,0.2271975618856602,-0.013522246935497903
121,-0.899850666175554,-0.47541022969945756,0.27557840830419766,0.7139767213082553,0.20130390087400943,-0.2820826877565092
379,0.5640492538900476,-0.064046059154125,1.2092590596999955,0.40750173360894254,-0.34028542304153747,-0.9111620826482811
210,0.20062642668695493,0.2715899524379027,0.5708094813263124,0.4140923325001267,0.4597340016399937,-0.26553187134286227
62,-1.5198446916586976,0.014160962832225085,0.26546526778067747,0.514690385812587,0.47596181960406253,-0.26585012028505234
107,-1.2985634000598945,-0.2916656318930995,0.09443108371739765,0.5256700078800434,-0.1012620900358202,-0.3241114824763353
6,-1.7822880200515356,0.019865344210139146,-0.016609953366730962,0.565634615400226,0.22887575671653126,-0.13168499276637835
224,-0.4440280582560742,0.20393456710035018,-0.7582280054358091,0.48109564139145383,0.5474520282405294,-0.11636879622568487
212,-0.36235541072715455,0.7598952266096178,0.719991721653662,0.4619687505044448,0.010986382339645759,0.005705897237347175
50,-0.7339711500202437,-0.1846575158052084,-0.4172765842723904,0.5996324666089705,0.032685127317901165,0.07765189504535475
74,-1.5993660351728634,0.32189287181489956,0.3142747731216845,0.725501452630591,0.3124683028784986,0.00942683174384543
104,-1.3964046844904225,-0.1676524069583808,0.30269771067719015,0.7137304485752494,0.28998957992577457,-0.13264862181139064
108,-1.5001891721709246,0.16488214347941368,0.29132170309657973,0.5691361875372175,0.3139978582437486,-0.11568042325898721
177,-0.658720621720185,0.4991725628684705,0.03721774773813219,0.49188803605210085,0.035792046383389356,0.003133336234507689
9,-1.4536064761648213,0.20181278542530415,-0.3225271292627621,0.8217287596804064,0.09876414972584617,-0.005882006045453272
380,0.010232345820092097,0.23025874866426346,-0.2550096710880204,0.6831569635658709,0.37991693875995153,-0.025886960376667403
69,-1.6411490543826772,0.2760868008715242,0.193510735160161,0.6903070817226461,0.25700257667060916,-0.05012487644093068
286,-0.25849982783249076,-0.4029659104509472,0.5565404955541167,0.6359861850275212,0.17986622894586432,-0.6795486879532339
66,-1.9277814334558552,-0.3038715039779841,0.3158974904648699,0.6442220188223838,0.33892899341773847,-0.2853668266548059
11,-1.060651121083561,0.013967721726422777,-0.06151729425928175,0.5431815406327322,-0.32769392729706015,-0.4440104432149406
126,-1.093933779713793,-0.11395498642572979,0.13723733685486622,0.4057438493997957,0.014728878366322341,-0.5070494219351338
137,-1.3954436038619562,0.08288154836249648,-0.08304742768856165,0.5351437116937098,0.3133608029573364,0.03671718613733419
92,-1.2858795421919957,-0.15318598388716265,-0.3722566828087245,0.39310326576206905,0.021114042827344758,0.1025212896482225
21,-0.7724085248227905,-0.12792282396400517,-0.43022345439214255,0.17675220341276382,-0.26754663580494636,-0.33222266112595306
141,-1.0761235721155633,-0.5422341733707696,-0.00317803929811349,0.29728241427481783,-0.07314350330735153,-0.6151504383211422
52,-2.3483639963028278,-0.11712282749307032,0.24529949164965179,0.7201096746458585,0.35249415805931783,0.03479039781712935
136,-0.9400579331295782,-0.08748081228650247,0.258172823335694,0.7960377664432884,0.47315917102913024,-0.06298552394649824
463,0.1575658556468816,-0.4428320168760548,-0.33869966852537253,1.0557636898230265,-1.3403360294622213,-0.22475279588244976
71,-1.2557006057146674,-0.05453566198180728,-0.024284125601856107,0.4886700102853869,-0.238189873338469,-0.261631710327599
469,0.2503182349710906,-0.91212166259331,0.49379652746258107,0.7548598352486026,0.013060660146034065,0.403667678499649
180,-0.9156938707342243,-0.32559396026339493,0.19676438851798372,0.921066456838194,0.1208810090391168,-0.1696249140778048
84,-1.514664770397605,0.47805317526668284,0.3284220925879523,0.4443365547218974,0.029723151575736694,-0.36635008449792733
89,-1.1573358858161016,-0.5075755516495838,0.2816525721706465,0.6345152036519875,0.28028069497991215,-0.05799396521271034
83,-1.63388719439851,-0.30970708255901586,-0.09966054373248517,0.4588542929488884,0.09584976003838924,-0.25868741685734914
375,0.08002300562993808,-0.11040205911266249,0.1497887152062361,0.46205145697922034,0.05839203551432995,0.06769797346704264
151,-0.954410411308221,1.728034301477885,-0.21542933933031533,0.7303285476188304,0.3818468752613061,-0.15576917598923626
154,-1.1653496126040719,1.7511639601961508,-0.2548185092084707,0.6178998418998003,0.4528760469542214,-0.22905148834640862
318,0.0828104265946147,1.0271031330900307,0.19835202404634902,0.8102680845376703,-0.3725909942254876,0.5146398190288269
53,-0.5145790491349339,0.0509257831336884,-0.2464233958480958,0.3940383862632677,-0.2919898212305067,-0.36462304162468673
35,-0.36379796725081565,0.3969061827459879,-0.8469382734345472,0.2777008297005524,-1.0413680795865892,-0.48639206757568493
73,-1.6608431683790723,0.43541617344559747,-0.01285335311587105,0.5735350371942413,0.07002979396499073,0.20092299831223143
184,-0.4411988204988562,0.6474730605127114,0.6802037181258501,0.5795948355559599,-0.012438857522033706,0.03777108618855706
260,-0.21018038500857333,0.6586312905776172,0.7845042287943708,0.4759333578462031,0.13340555942117022,0.2664704769682644
112,-1.256007426291103,0.1900171985477978,0.4121455139919438,0.4127181129051463,0.24287933498439143,-0.06891485440811458
127,-0.6885212905910867,0.02722551789333135,0.3204150409286434,0.6261119234772706,-0.13949433966721864,-0.3541974586710667
280,-0.34955062467989556,1.1120166253881403,0.4327618996756831,0.466808619222908,-0.07645954315612824,-0.027600754070402425
192,-0.6560180884161813,0.3679037810065453,-0.49193998927341226,0.37933191989316817,0.2937352229987115,-0.07920773683656572
95,-1.2542178154774313,0.07881130717990646,-0.3179702562915689,0.3451972277180267,0.22929173461058408,-0.04055283311797821
220,-0.05469527847876507,0.4305665858590472,-0.25030000449419093,0.797991506217169,-0.538836535776592,-0.06720177415495628
321,0.30168906069764256,-0.05123430821943408,0.010295849816380117,0.27216623911235227,0.2076674277424757,-0.33662829422285007
99,-1.343925158056339,-0.5051809471836286,0.25185061547811016,0.08945429656546046,0.12480280992206945,-0.1400190601347766
8,-1.7149747775113644,0.11657395248607041,-0.434289718412777,0.20632567639827915,0.1375146673923237,-0.11512558607728855
204,0.0922236989968316,1.7058255023062638,0.7086394018108267,0.26033449758664867,-0.016797884846042874,0.05178214134800108
372,0.3224272083274854,1.0762186172497192,-0.03069234956280979,0.17965478757195316,0.26210281693693877,0.18202917982638284
282,0.06875945624356289,0.5041192925754384,0.8591817931811656,0.6450661870096339,-0.018238847807504843,0.26411179938526497
93,-1.1566080356347224,0.7973092365339305,0.48983098694634936,0.19354671925248282,0.09491922116749248,0.1867941270587993
87,-0.7847629147246558,-0.042846012529100495,-0.624095696400926,0.0804552050741548,-0.24250641851065274,-0.11168897320280502
61,-1.1237643977353806,0.2805027060932261,-0.7952661469383645,0.18869896121910132,-0.5102920685021171,-0.14719957002213574
117,-1.0479269085832639,0.1216360947517411,-0.06976456363693732,0.2322749781103299,0.16079777654934332,-0.2511484514563044
46,-1.6551932767097992,-0.1515375322662994,-0.12699104062180894,0.2253744494581414,-0.2418044452482388,-0.4302732298334502
205,-0.3830559108020817,0.6923037412624266,0.4126698874350031,0.20222757941886516,0.10101808956565318,-0.28406055969778893
255,-0.19544504961994272,0.7599440692387498,5.814055064564179e-5,0.407172066641437,0.5736025634141886,-0.010168024753673498
369,0.508695064743917,-0.9109982096864054,1.109793232873553,0.48935980101933185,0.3497648872236861,0.5512505525886501
129,-0.8570424607157789,-0.40147670216876963,0.1064040871416676,0.24681813741907993,0.6185403675453653,-0.6590884117027677
7,-1.4216006831622754,-0.011214622128864796,-0.403234423985737,0.45196776036811565,-0.27012889189444206,-0.42000971914921487
162,-0.8457852240387248,0.06147332566091703,-0.23542842764001515,0.3881014227725323,0.20819917009675964,-0.5130305329578857
251,0.06048771897952016,1.411763310492059,-0.0916480377497842,0.39392626597402,0.34975505118050176,-0.021331489339245925
447,0.3368571510282083,0.2003409993173446,0.2051739950158321,-0.0015057140035552392,0.04986690151319395,-0.6954177429292651
57,-1.2064095029469248,0.16727783745322083,-0.6120882690581274,0.03808243540557785,-0.16583987527680505,-0.3795631593026384
397,0.1541630760974364,-0.7671343376360806,-0.25341080540248695,0.3161339368548483,0.8001879569821075,-1.0485122310246948
75,-1.307422959120937,0.06269305144310834,-0.013523575697729329,0.22772044565838262,0.22956799659275678,-0.39120615070983955
77,-1.4621871287634292,0.3013575086992368,-0.07250330708661035,0.25897097104459305,0.19818584992201116,-0.26492449837353105
215,0.14881890202723277,0.5865668724233772,-0.3595131271446241,0.3500504112077662,-0.08407365088603125,-0.7896629377706758
13,-1.388790876545416,0.14179684816823881,0.08684804531510691,0.05597166925477686,0.13482884688855995,-0.3043151269860218
119,-1.5880340358516198,-0.17117235791982618,0.21746472402201225,-0.18771757746983053,0.2701263091574112,-0.46748263393469586
101,-1.338074291034621,-0.23141091874562839,-0.055714920630142245,0.17380406348828284,0.29280961915962483,-0.31079210713566524
259,-0.08708456494413065,0.32426713872356683,-0.4810798993511578,0.2297570816250736,0.17668197838303604,-0.2849714100200169
216,-0.3039523276404535,-0.3567475319918955,-0.7630381987854957,0.23542185669927806,0.4988522539257008,0.17794443072145114
149,-0.840454471499367,-0.08972857427124632,-0.07762613326363807,0.030401281661442715,0.15985023987564925,-0.35495619728036953
368,-0.11150047741504579,-0.2296861307234358,-0.018913295428177015,0.05371246659936307,-0.2242568375032675,-0.33326253289744784
58,-1.6784666832241104,-0.3101625998438829,-0.09824594821525602,-0.13136871399518232,-0.10259283679571468,-0.3323478354452458
80,-1.6770103338828093,-0.1843528790872162,-0.3000515350880501,0.04546787428825967,0.47591616708320605,-0.13692990915207184
20,-0.48846848674029714,-0.011356380470136481,-0.020175147224623387,0.11461204665943472,-0.03817944333881077,-0.4114534924372298
174,-0.678159317340729,0.03253312686818146,-0.36124944425836475,0.08081769847304843,-0.040391893912089014,-0.1409399401769887
103,-1.4067617969721762,0.1741929530492724,-0.09974093924117325,0.0929175417093809,0.2685528684505555,-0.33994302860315007
96,-1.262027284135065,-0.13519949515258045,0.1709196497672665,0.06510660326771345,-0.16847751685291051,-0.5543221217446188
170,-0.8572500825777775,-0.18697096339487992,-0.08640501439510646,0.21587537297332585,0.4300998752185731,-0.3682520127271627
85,-0.8551606283320715,-0.22638778202710774,0.21640426576272373,0.031077998829629253,0.40176698741647526,-0.29948880238983483
72,-1.357442064872605,0.18871584436930616,-0.1706429332197971,-0.10405213434431433,0.36690247903114337,-0.20858640296355602
160,-0.6249367868979024,0.3378082987763866,0.4498388985855104,0.04068887588653175,0.14358135291484717,0.2962011897699457
173,-0.6516099170832085,-0.6855487185890253,0.04546121263635366,0.25982135546228324,0.6920312492682097,0.4094883844759711
277,-0.20898541713975022,-0.2930577564200916,-0.5443079177599646,-0.3128756887755115,0.7562266464162842,0.46666311271615757
249,0.044502423481852474,-0.3809051929398195,-0.9292713603419784,0.17752016493328315,0.7964573527771039,0.36179752136806903
263,-0.22470545669069564,0.21069938605199523,0.5360995182994581,0.1644160070194896,0.2877688254130825,-0.5504175356269055
142,-0.8074920096098251,-0.2124774855364755,0.2680520263302757,0.10075575082002004,-0.04984735448982794,-0.5892968893326376
202,-0.09806860447902907,0.4822217889150168,0.8837019363028538,-0.06612046612586041,-0.0732975554142735,-0.5836991969633937
354,0.49015953214498664,1.7990918449022697,0.460685255930533,-0.085873333911153385,-0.028005638449617447,0.14299425540867378
226,-0.14002328450131,0.7253261783491884,-0.11751212888077114,-0.1074090951109754,0.17175884188903665,0.09888354446806978
91,-0.6967050940658077,0.0771501712714813,-0.852475800826575,-0.30470095121244045,-0.23912477400665497,-0.01790147990440408
65,-1.3503310177935368,0.4542691080269334,0.22467552391854223,-0.29404860924035736,0.39786239200149087,-0.08242762596333005
326,0.3419476912541104,0.3716425218408445,-0.04643024516000507,-0.18802026222692642,0.05531217267268811,0.0662815092935693
451,0.216164837647626,-0.534955256175727,0.02221805168229911,-0.13093413637489174,0.3547668536244692,-0.29739942381966694
194,-0.5600017784102468,0.09648203008674654,-0.543201605565415,-0.18453332921773344,0.20395016297001714,-0.22516276451728445
494,0.7336368106273968,1.2864168689396667,-0.1378230594686353,-0.31558469482133816,0.20589154595056172,-0.0869866028622475
183,-0.3419057754757761,1.1906775586182445,0.047683268771638365,-0.23885171111125583,-0.12267280880012835,-0.017406921416832817
90,-1.064920652955187,-0.31313433667320173,0.09513860607027179,-0.25349476773174673,0.14438749283463703,0.05729634062821377
5,-1.374880393639033,0.524031528660583,-0.3189323434238803,-0.4640750034128882,-0.5988929400505709,-0.1686575375457599
81,-1.2156981767570019,0.21725777871875565,0.03861568585476686,-0.6907764053960376,0.17588258082876604,0.13568463798952426
14,-0.5786847569968184,-0.11636269812689172,-0.6273417094308428,-0.22512673063404362,-0.23367167482651538,0.1326755727075294
415,0.36587066420579006,0.3817684850105662,0.05259561247671063,-0.042240011385052026,-0.46244113168970025,-0.5792609034681148
76,-1.0133231618405485,0.01632109803976243,-0.2423770173706312,-0.45265512245609796,0.0747202246991762,-0.04239673839116876
82,-1.3712156513794316,-0.5011306184098822,0.2062672149391125,-0.7651061715073847,0.1710729015132073,-0.3874211696531449
125,-0.8683060717498179,-0.43554002574144574,0.24415488632393229,-0.5373714061257167,0.3014274598616612,-0.15796970252870493
153,-0.9535693876213943,0.3386204568188727,-0.7937044392418027,-0.5768519226561325,0.5813706778369203,0.5083930560278072
496,0.6808169221592598,-0.8491356212895268,0.31490900923465043,0.26283475728577477,-0.25494779285499214,-0.6741028726929046
148,-0.9521772031246862,0.47170320937833904,0.4062340421182563,-0.45805956636754996,-0.0974281376773598,0.33601762220454895
163,-0.7490292644258556,0.0075932072685279415,-0.3077623896723191,-0.5860093170770521,0.06996580955642594,-0.055102480642848936
305,0.0063608565321570075,-0.09433293304732672,-0.29125499536536326,-0.8132726781819678,0.5996420245381373,-0.5142088979605248
227,0.2084749352091584,0.578523213247348,0.1606097539538062,-0.5631003183829708,-0.0553494337628667,0.19088758513602125
94,-1.192512098596607,0.1811129496660047,0.14661630760716077,-0.9338875320523018,0.03527642281969838,0.00599345093866105
124,-1.0341129456189435,-0.23143345885933805,0.08868109470036051,-0.6204489430861526,0.12988564397405597,-0.04757230875764382
308,0.21397798754158218,0.11734466384885156,-0.8407803905977067,-0.5855801474669434,0.3352786014139247,0.149818901948472
306,0.1003903640942664,-0.9436866820245455,0.3550937115149973,0.19138278630897276,0.1581781530795209,0.02117656997680068
49,-0.33116440432916666,-0.0434864703708382,-0.5463744783198204,-0.5038550378495155,-0.7136619581013273,-0.26891086102282774
54,-0.34693820163544736,-0.07982197890694025,-0.5344871859566126,-0.7143908279777971,-0.6482972153351435,0.20024924329889102
48,-0.24635394739524547,-0.3711624734069894,-0.24280546918984458,-0.6595078918273136,-0.8154438099294102,-0.07444290494820008
128,-0.6578041616977512,0.10169242721839084,0.08580058700395722,-0.5226828984217384,-0.1630962345322972,-0.05221048044908926
201,-0.12885569992207974,-0.008145347382603496,-0.4396245476759848,-0.4802325623956988,0.204852954587932,-0.332264511108566
167,-0.23819228262215966,0.0556530889988806,-0.17103380804244622,-0.48864393017303925,0.15221837627606408,0.19019240952057634
10,-0.5496609362750411,0.04653891904968276,-0.7013705317064165,-0.5118113931854008,-0.45357201956072235,0.08109324692725053
144,-0.8596126687943045,-0.20621439437353942,-0.0814095944174524,-0.7862107837508587,-0.303875097223502,-0.07557128373599971
291,0.3100200414291594,0.1069626161368457,-0.7454330901013551,-0.037789883248856314,0.14418040805389065,0.5248023047031594
147,-0.6279070291150138,1.0993766915278034,0.3422316870778685,-0.9714210216275728,-0.2303255379067437,-0.1358322354083796
67,-0.4106684591173584,-0.32750694243300804,-0.9024704341549796,-0.5754221167963108,-0.16038644504428612,0.2672361256481203
131,0.054317475296391055,-0.13992467984002116,-1.1520233149131935,-0.7765018905771575,0.24015474124756567,0.5958980560143541
482,0.50156957307619,0.2692893521136737,-0.954492111709394,-0.9558974368880769,-0.03092183405061528,0.08987518754634005
140,-0.5301408571272253,-0.2609539221131563,0.3494493443199227,-0.6325852220508661,-0.2782768812043964,-0.10434738648174657
100,-1.3294922849318176,-0.1162311188925909,0.3134147575741839,-1.1562081740202248,-0.1117807614511583,-0.0717262064071469
185,-0.5262904645436097,0.006440031850104602,0.35464135863072926,-0.42963131914673747,-0.17197562185666013,-0.35111976280396995
45,0.17097585776565702,-0.9026662804262385,0.004748672359375974,-0.19468385110804273,0.4347979804980121,-0.36789094226412217
350,0.38022925993481593,-0.07933911182216137,0.9913467346416547,-0.6950903844593171,0.43761531021731087,-0.515314093441245
110,-0.8217289905524685,-0.14205985748880096,0.1755834604891754,-1.0625678482690435,-0.24644098629764608,-0.09261716763374814
172,-0.6240886094949456,-0.4340799137765419,-0.012420043009164744,-0.879800227124066,-0.32695782293338244,-0.07001476197560563
191,-0.41652543991658864,0.8194445664228381,0.37110745127944833,-0.8502708394883765,-0.3083513389019919,0.1822552890902588
214,-0.27692972749442124,0.17739076435844078,-0.7502760086628206,-0.48640994468546594,0.29625678953183787,0.7724682253055131
157,-0.4609396752357145,-0.43590025735887805,-0.004249322991332385,-0.6952535326710172,0.0682045521662055,0.27344073404150676
16,-0.028968111605477794,0.09045581980371256,-0.15237396923755342,-0.4476429400416223,-0.4591750357314869,-0.015223012540306464
284,0.22586106373947917,-0.3861668711671245,-0.24476312876866316,-0.39897903508010046,-0.3613082442186685,-0.2936215291270753
222,-0.29187187301154083,-0.004939531319664901,0.04610122760964089,-0.9420391130426661,-0.10328134784921246,0.034139275898078594
317,1.5856034808187573,0.9080550870642522,0.5416876349766472,-0.8498904504596324,0.31267824570513225,-0.3251162138424213
442,0.9484075984277086,0.2698120964546788,-0.5054818867936911,-0.6105384794273604,0.23258494517782077,0.2819684750330341
422,1.0144039037894956,-0.7538062937945694,0.6264811659289595,-1.0393763477554543,0.45944946657947094,0.3674393041758077
238,-0.05250019195521772,-0.2103321786331515,0.24440217771088477,-0.26282393975360635,-0.3669397772013927,0.1265319888776713
97,-0.6920862049805901,-0.28490061148587703,-0.08603239143502699,-0.2527024921675403,-0.5459173016950095,0.1495131103406212
470,0.6236559294879451,-0.6827627260003757,-0.3679979073943531,0.2912989380084666,-0.08121827471936295,0.01831686955161313
195,-0.28247039106026084,-0.015340721423025495,0.3152796652863061,-0.23338012943903685,0.3365780598885858,0.45360613701159636
316,0.3758637117519561,-0.3005555326931925,0.49747367826066535,-0.38939250059871594,0.02343811322030967,-0.045437985004114195
250,0.040962148337254145,0.5870725757533524,-0.48445667226700573,-0.14982851127311536,0.008195685003706503,0.15073807023103422
63,-0.046958063245480026,0.15427785268081684,-0.20930822265275864,-0.2513698954585339,-0.43793854301857216,-0.010521855339365279
109,-0.7791309592859742,-0.39212001199784036,0.35414246707694763,-0.24091222473621077,-0.3335967957605396,-0.02666723881403128
473,0.10977238153827519,-1.1195022926052227,0.35012157951978917,0.04847385053008375,-0.4663771426618708,0.5006598014874527
164,-0.6973594551057126,-0.20138425233854243,0.016662693133462848,-0.4369724675135584,-0.1287844868108336,0.5057231722919728
449,0.6149359247929443,0.7179393546178723,-0.6562210645608202,-0.0651096874547626,0.050184624809404645,0.4830841496978431
18,-0.5119254855535763,-0.408981627892399,-0.5988371894518685,-0.45582848451116886,-0.21673403702538496,0.4964930895597909
383,0.3657035751931568,0.46787715810914154,0.7775542311052953,-0.04740505063991872,0.19238135444622517,0.9838897465745908
150,-0.644350676625082,0.0833793790909649,0.9371912072043574,-0.37753572188609,0.06403072718049238,0.2925669906294126
133,-1.0129933169826404,-0.4287895933112363,-0.1260434638177423,-0.40643648165344703,-0.47090941611785087,-0.0757192967700598
199,-0.1100518889268082,0.11981729958582249,-0.360534574311297,-0.18764694461145878,0.22923193525982352,0.6087858388000168
359,0.2500105157026595,-0.035422417097458476,-1.1322828733588577,-0.019349676372284304,0.3318850704682024,0.20628008460258018
193,-0.321301847373037,-0.004707089061614756,0.636332859432875,-0.5077600986461857,0.2161492943022801,0.321668263173908
225,-0.35422614342322883,-0.6254659880953135,-0.40400179470974634,-0.5400082316714956,-0.019481662436582746,-0.16356066211268364
118,-0.5721026459200841,-0.08831204226997622,0.15214041278400245,-0.41965127534341556,-0.4678237714993042,0.17557521065815077
98,-1.2695454951305092,-0.22436492836664165,0.3858022722201329,-0.6212035311245188,-0.25378572461422777,-0.01225764557769321
264,-0.11502656975028604,0.1641059810822491,0.549900015677177,-0.3475126642962778,-0.2597477601156184,0.28227899003844403
374,0.16164408902148045,-0.05392006365569708,-0.4035980636859871,-0.25481198245551484,-0.397509447032092,0.23941072124191948
252,-0.09774318205657158,0.2569448114978777,-0.15396088955988194,-0.32478049827917027,-0.20812014135715093,0.1091452862812545
420,0.28093297925857974,-0.10024318272803953,0.16731545813661208,-0.30602006622161715,-0.31254869683456865,0.40385368466090205
310,0.250049300396703,0.7859981489144344,-0.15639883265824206,-0.38873104941151576,-1.4968299383045485,-0.2012431349554516
135,-1.101646634857382,0.23514157185311446,0.9431415332220087,-0.6748723459444657,-0.29030332721276175,0.27833819192610676
309,0.2747578551984758,-0.5019931772153158,0.3759608305119979,0.15588665465077453,-0.47570073678232744,0.23134729289784087
198,-0.6069188811585231,0.4404192967428862,0.35356137119814485,-0.5562074726712835,-0.721680010029701,-0.06721655670223071
233,0.07896439880364381,0.7980483515300871,0.7866522384853658,-0.48022511258228306,-0.16734164220710046,0.19419358747733603
171,-0.5545516808517027,0.18222879466849423,-0.5925268220606378,-0.5594506603529095,-1.5688559345229698,0.0020003504185024416
342,0.19649814561278156,-0.3628552214049753,-0.05305422474500631,-0.11375362497103776,-0.2539594592708208,0.08519327647042801
410,0.6126546673577122,-0.41320184493689155,0.23324333138956604,0.09848680649545512,0.0824296014646033,-0.04142834457449582
288,0.10792579876620376,0.16703159969610623,0.500230516038569,-0.5133703863343683,-0.06025985216562385,0.1741823811134475
304,0.26728617182522857,-0.6518961712968653,0.4957456064620278,-0.07204909426339672,0.38845052595276763,1.0437203214152844
364,0.177033748153496,1.0737594829461903,0.5966384674123364,-0.42363011796006933,-0.21757048919712532,-0.04289923794368043
367,0.4213591733921774,-0.8479219342639152,0.5964402528745427,-0.36312382041228464,0.5385211140337913,-0.24699176751306948
51,-0.25519591399802066,-0.030865830669288614,-0.3194813407853809,-0.6575554827589808,-1.0155468095445712,-0.20488941289892704
152,-0.6586784875128262,-0.12326461572411514,0.27939556478802674,-0.6722524177359954,0.08561820465822349,0.08836137355734065
283,0.11291045982506308,-1.2897038349585879,0.8834696202183716,-0.35894163479114766,-0.14597780983309133,0.8003651375225549
371,0.41651925735936685,0.15074995185314435,0.41231302143313553,-0.15820868043660782,-0.007055950331200566,0.47718365506680177
19,-0.3516482103532239,-0.5173162440446492,-0.029835790431926846,-0.6062715336664088,-0.5498614523178792,-0.1857227996543179
384,0.3624689752003963,-1.0903570471086519,1.038375628717152,0.09024489930050184,0.43593255450894675,0.17486525751892432
497,0.5953126576664867,-1.2512586616914785,0.7069935451423179,0.0419370382380631,-0.28087749404071116,-0.836028322199338
159,-0.5160631330507516,-0.5924554417370023,0.16207659453961215,-0.5413534580384072,0.032779644844090614,0.19245460750216045
472,0.4530579033591878,-0.8538378717221317,0.5847434984248101,0.26726397840614735,0.26935443452575064,0.052788450582435316
298,0.03086041207802763,-0.3433441532291446,-0.5060091390879804,-0.33231178947053636,0.016771509093518242,-0.0755790849401748
389,0.490001219862933,0.5289012005861727,0.7951466300809927,-0.34448480853749597,-0.08200927172959739,0.07694898666611698
433,0.8860376729733622,1.2661477868120055,0.8097862144879406,-0.35250598115468446,-0.3667821336380025,0.1429108957435911
106,-0.5304081738845469,-0.5147069010287824,-0.15789041388806888,-0.7438005257715016,-0.32583322803271264,-0.1626329003487769
229,-0.19824572880977995,-0.16104991357191034,-0.8346666468848759,-0.2991205955174203,0.427097338226959,-0.2934874334767116
437,0.1595423534861783,-0.19121331401531688,-0.42299813012053966,-0.12189400109145071,-0.05042695347214604,-0.12179589821121041
448,0.6078415664915862,-0.21410040662973956,-1.1344285981789648,0.05105712313212765,0.24215111036839967,0.5458803880237998
408,0.1583843589738175,-0.3059629393545467,-0.13333882167974642,-0.37596580939446506,0.014690542965226372,-0.03970038146971819
456,0.6135372090779923,0.36311149278286065,1.178524651318634,0.023138994584492575,0.44952032738623104,-0.302813630115633
232,0.3555431719897774,0.13306945994140076,0.8480535896578721,-0.5672218943843622,0.2586943699892625,0.775467772218965
462,0.4831154014623927,0.18189770184615747,1.12805880336957,-0.2841289875591872,0.24016468728870272,1.3576222952612305
231,0.13979280360470808,0.1265191848912173,0.41469673663515777,-0.7034357770277486,0.535215684360099,0.7977361343897761
281,0.2574327811179265,-0.2848454003916667,0.8559163870627289,-0.6606573832399354,-0.2995118652341425,-0.41740900008149917
337,0.40231293836371035,0.9275855598989272,0.43906389987495636,-0.8778444080650251,0.456506977123362,-0.10870912946335044
339,0.35526671032949536,-7.72174088015746e-4,-0.5406211315711849,0.031247635293251443,-0.19625377015363732,0.19499448961919866
200,-0.3356027827308644,-0.46896040328070526,0.18204555614017276,-0.3907630302801977,-0.15126935953812498,-0.04403166738804878
273,0.1872112057536865,0.04913572857209594,0.1498188259846926,-0.21187785820275898,0.04960379349980248,-0.1227093579548289
329,0.3840355587231962,-0.1564587587764627,-0.699191515263874,-0.8479964047150372,0.38381125973572017,0.012463540512124699
487,0.5545643073838904,-0.5451283339486538,0.5339915400051618,-0.5030704765742374,-0.24112294759355585,-0.21372784311219242
197,0.01890678622322569,0.43825336330789605,0.5912623246892136,-0.9519007698362302,0.14215041420961,0.5102888061955511
352,0.10459120105178026,-0.4408835127982628,-0.7029529230748343,-0.15671664985853317,-0.05805242994510294,0.4072942297445245
314,0.7792006251856648,-0.03832765519749459,0.2241666168172855,-0.4367361114080638,-0.1689478423280579,-0.798284291994104
325,0.17990339209720302,-0.5922720867372012,1.0114553736769956,-0.6824013822619377,-0.053396465382697156,0.11712305419333557
242,0.9867381473710544,-1.0287691381988688,0.5613975753136298,-0.8632831636208512,-0.07511100939914385,-0.3405471156396125
334,0.6579351283943691,-0.1760778584186256,-0.6390118791268432,-0.5148423735681354,0.3527687855344307,0.24461343709566538
330,0.40715271998109115,-0.3576750081179307,0.13967343593413623,-0.23505935714041015,-0.11977772977303368,-0.07952229210904596
438,0.4614018510776062,-0.6475397078751671,0.07906521540642317,0.10045264431772312,0.20769686840323054,-0.01069638398051727
361,0.5251770999434142,-0.08178839252011659,0.1296518057949289,-0.06934944488326532,0.21042901787116747,0.2828033098616225
460,0.7103174607455235,0.35010093716175855,0.761547752014355,-6.783762319298005e-4,-0.35433286871611147,0.06563481895815226
158,-0.32688964304251655,0.06543511026810611,0.3204045338116387,-0.42547950069592355,0.11094413133499031,0.25314780953571
179,-0.3784248360685996,0.002525761340056712,-0.612299887628234,-0.28109800626733517,0.012690376136616114,0.3388650609730341
387,0.031226092701913597,0.3328572953642948,-0.15359779905579096,-0.14200801772994395,-0.4969430224930974,0.3463114613559926
293,0.2991772238007665,2.13104781066529,0.7149826636577997,-0.25764977464987704,-0.3885484278878878,0.28388473674829784
495,0.8749277895949995,1.566558331432561,0.6428173129022083,0.12798360446824367,-0.2139179543010088,0.17473010325558913
168,-0.7388338087455915,-0.5946030100228418,0.5110565631042959,-0.38077501921670553,0.1828055724098683,0.06367282652135933
12,-0.5604717356460268,-0.12383235420601262,-0.24698838637841983,-0.2136136882190461,0.07160368459632194,0.5476250442183446
102,-0.3653973920402755,-0.5559072466272771,-0.012760457061288704,-0.3216775942792453,-0.41550498358953714,-0.16426771612124344
343,-0.0027127835283356225,-1.0679926768489323,0.22963281461318086,-0.11990174221276166,-0.1015610996943837,-0.3561597213955334
55,-0.5684024963556695,-0.2528809476764609,0.16949221201052586,-0.7311590667173836,-0.1169306393407049,0.05360567720198018
166,-0.6114099938769827,-0.4088523351202843,0.09083747982519239,-0.3644719608044368,0.21367670963453259,0.24523811891943592
31,-0.5432752419852331,-0.2036124811923876,-0.870396225700423,-0.45188255727625426,-1.6495819202500377,-0.023229405938777977
237,0.1812828501405499,-1.8934015825140662,0.5865946476106212,0.10170823555918529,0.23867817297682867,0.45901867165020827
59,-0.6572930930433807,-0.2211485519930924,-0.7912337711861205,-0.5375760948042927,0.5103414724947731,0.11122304664374762
123,-0.23348516120579302,-0.30389845462713017,-0.5216528673111596,-0.48525862279062926,0.14857882678342132,0.5098036821125194
217,-0.04547496255045907,-0.41703175859164665,0.5325566097455133,-0.2955748852717677,0.03061452811322057,-0.17047056042088296
230,-0.09438405333273604,0.10252664023947936,0.6439790652466509,0.03527240710064419,-0.3250414086143568,0.6999320813189367
468,0.812493152884906,0.013342713542533774,0.3241403215560533,-0.24110688078636366,0.1868714232439077,0.355619945347996
261,-0.07877670570725702,-0.6152176481704449,0.10365916174429939,-0.29890416525842634,0.13819450470677652,0.8065426225840748
120,-0.5287295678990974,-0.20734854187205087,0.2085984351305268,-0.7286710530284375,0.213157420309635,0.09164086234179354
440,0.3589712719979735,-1.317443046255381,0.5697905240427793,-0.6541817864360933,-0.07646796281390748,0.5112332021781264
187,0.33657615823347703,1.3418347908121657,0.24539929676162756,-0.28951191410244537,-0.2100743951064846,0.29202461862446816
333,0.1655481163086073,-1.219351858246788,0.7367382904937374,-0.2132461324557405,-0.003984727080091926,-0.1722278286259615
146,-0.1260009894593858,0.20174117392422428,-0.5749273272483032,-0.5218823241019998,-0.33331811329878425,0.10404081079858829
139,-0.752792513156052,-0.21848474788341185,0.31201347675786156,-0.4789388741409889,-0.3283025250240561,0.3854050209694948
15,-0.1965663395448233,-0.17908989073317372,-0.6611833656802941,-0.6861018773664583,-1.0089565029183034,0.30263930840328085
34,-0.3297601564413561,-0.015511592683381028,-0.7577758745683097,-0.5756883897958505,-1.7642898315481503,0.01505098540734147
181,-0.4032005300482519,0.36651486404930195,-0.1536140679090939,-0.06954845180012192,0.4296774038775949,0.12370743213676741
24,-0.23085821800533135,-0.2861492696607006,-0.5202629526723859,-0.25382872138065293,0.09194181940468148,0.01809047888771932
209,0.09338111141676346,0.25226826168958794,-0.014393023232193826,-0.13156637081445463,0.21091311717736944,0.30919064488696413
169,-0.5735071808061327,-0.08311141340106684,-1.2716712269245458,-0.6600147933062229,-0.1181374169969681,-0.2802217068698322
405,0.1997825716782204,-0.10150892751724523,-0.23502153741909826,-0.4165664128795395,0.2043059749458928,-0.41990820654044847
458,0.36027877766381095,-0.9171775344499122,0.08964471344915409,-0.0627518727475221,0.7720463291153016,-0.4463899977425981
285,0.4256372719848443,0.09734761506572757,0.7026556467700376,-0.6701820268108917,0.2912966562559924,-0.16822996163901616
274,0.05014057457972841,-0.8410140656539334,0.485715826425474,-1.0376757771151435,0.5025292387452933,-0.03734762861811915
79,-0.8902182024163104,-0.11302965140032645,0.26855708352323626,-0.8427299416140055,-0.007058614252398969,-0.1726538070309426
418,0.6225677351887867,-0.8001612947869218,0.3545314417524536,-0.6966630604771171,0.2621598638097303,0.0554843426451352
203,-0.11320146206635745,0.5571412437737474,0.6037904423583038,-0.5875007765220076,0.11812178869022863,0.43203621852920376
424,0.44257105281143594,0.1816588928394698,0.17467613095950113,-0.5852124371162635,0.43333061337285433,0.07816930845417816
336,0.35177901028461067,1.7388683172520703,0.29734448541062486,-0.36643255556555004,0.039616704207627376,-0.6559177395763534
265,0.6859715674635516,-0.5576452224724939,0.10707236105949659,-0.4781482478296078,0.34621054553011976,0.16760412988578785
338,0.449438031595812,-0.6409922750356982,-0.5503930330275583,-0.10330336551154691,0.22141120696273373,0.5851000656163743
266,0.23642627645281744,0.4744067632979285,0.7857571414518375,-0.19472518514555426,-0.12404233192935395,0.48171778663277354
349,0.3430637845882581,-1.2813290906294275,0.36422207728041195,-0.44653415550193254,-0.17880227338266733,0.030762886661614548
111,-0.8219176538337527,-0.5390865580558292,0.10445022666455794,-0.7803424608157055,-0.23605320084589673,-0.1627305825871804
403,0.5121720633811274,0.1823303465025389,-1.0605799844145207,-0.24363385255782816,0.8245385762810443,0.23698564552254708
381,0.053766202039161416,-0.16409223404284629,0.26601885717216633,0.07614980070009447,0.6778684624191144,-0.3876181580816482
394,0.6696205957175402,0.20717270205458319,-0.07667574211171531,-0.4527290594336135,0.35240494868755956,-0.2401783757262507
206,-0.17990248135558154,0.14790433588959254,-0.29549913698823743,-0.5543229984041531,0.32475572407614134,0.551769356695238
434,1.0802695533081477,0.1487145283397791,-0.9918344643111614,-0.13938736240941343,0.2598054240524009,-0.37433140278986776
113,0.12894407761951146,-0.8064554591073806,0.19955356553024198,-0.05595266261063567,-0.02499664821297667,0.2969460608424695
234,0.3836273366133375,0.12132048783744033,-0.9070937929689822,-0.13017326578280286,0.5367950857878592,0.7168451101402041
175,0.0620668107614614,0.4690236350059592,0.18807660736330295,-0.3318146731072432,0.050488334366301284,0.5046340595397805
297,0.5484303173631981,-0.5765217388895617,0.25487096488495925,-0.2578140082573296,-0.0677690331763493,0.4544272576736874
483,0.7631935469553771,-0.2100134777897921,-0.8351519961471293,-0.263049346113453,0.31784071522086127,0.9908948676649009
228,-0.10345152108926,-0.6853980362732923,0.3710587618612678,0.2384040998346498,-0.34449987018582484,-0.2103317629083275
388,0.3708744584989343,0.3973299330411907,0.05729919382545603,0.028636233071461167,-0.9275011393816346,0.3944717107455489
396,0.3082748507316424,-0.7743553519300433,-0.22742030522676196,0.47618544818890624,-0.7988523309275437,0.11768846131939027
44,-0.5749545139236929,-0.15744875968131328,-0.39305554258024794,0.0044702967531030586,-0.9486883180929687,0.25690621471346764
269,0.23588387017474718,0.9074548626554988,0.5648263957005913,-0.2539376568685131,-0.4217562901287028,0.2953251716829758
467,0.7447727231819463,1.0785791579318642,0.8596120184233608,0.05981752744921954,-0.1419390983974403,0.21826521345339284
363,0.11723290753172085,-0.013097401545189243,-0.4186681634909332,0.32543675667762584,0.21328670700189056,0.3716970660020849
235,0.37300756191565454,-0.12062120242352788,-0.6482066598940668,0.36111083278593664,0.29590276991291004,0.6379804024925071
4,-0.31526394611157127,0.34309179900122444,-1.2915426529630045,-0.9410893378521562,-0.018380306845998055,-1.0912423299514726
130,-0.4860448891067487,-0.05008738195958256,0.16211180379575835,-0.4846057858032015,-0.475720497445599,0.06133977257257004
480,0.7525302773284139,-1.1027503573944635,0.6461521550545642,0.4576219078981629,-0.2103785853588013,-0.09015616331176496
258,-0.10648923146509429,-0.5254933361507987,0.07893245460931879,0.052735135480077126,8.290105416348109e-4,-0.04300028856348455
211,-0.12171524603661119,0.06682942033812489,-0.8464263290672392,0.09332178425476667,-0.35764015320788956,0.04725744800512083
267,0.32223154360003603,0.3935985786977503,-0.28928225882246866,-0.22240930986289614,0.08769949091718006,0.24671267694300092
395,0.8030457709787729,-0.8915659061343447,0.46743404031514046,-0.22997801392146397,0.4629804953177831,0.21956590924303368
256,0.4955649759700709,-0.4173084359387331,0.20852198009687228,-0.02572997895906695,-0.5159271526401878,-0.31437873581046016
355,0.12431181522927241,-0.37928536576596855,0.030259025104266427,-0.46073455432023347,-0.27342924948562514,0.030994430969915776
30,0.2419723329607243,0.6039668295369416,-1.1068289544261367,0.25326305622441686,0.6175128982330358,-0.494301268029299
477,0.628366751502128,-0.2584824521188341,-0.7991241649816588,-0.07930882384637838,0.571765286607583,-0.18467607491749688
294,0.13299109220308547,-0.5922009185927614,-0.07022633911800012,-0.03287732969238692,0.4188280016348768,0.036185011235116894
412,0.39812522434762254,-0.3205470410466055,-0.09071092916839758,-0.3417674416142508,0.2928761914994885,0.592746258702838
240,0.40020204177894136,-0.022906326773455204,0.4470252760583477,-0.11919060089127152,0.2375806652235053,0.7178452292459092
155,-0.5422136765284636,-0.4118346196202208,-0.02657224325953318,-0.4399372217957742,0.17555131227517634,0.03312652443728076
425,0.2188385071261815,-0.2712220816218196,-0.46462830375490705,0.11914086987338357,0.7345825852089781,0.759874016424779
253,0.08583617729783642,-0.5780765909723925,-0.8127985484512794,0.6355744206923115,0.29380308476768036,1.2137859212027207
207,-0.04078395707366004,-0.07057329079005788,0.03315362570231015,-0.29595725446254434,0.3529026628253344,0.2854498208823613
493,0.6587221874846024,-0.3071465022697664,0.1972660691916415,0.32261419773775246,-0.6988516301297721,-0.8768978898811814
331,0.09656482488978077,-0.31653297528210655,-0.7246966124090896,0.0853500424483162,-0.06852170383093006,0.29382091500459034
42,-0.4512963713673311,1.1442078375307914,0.022297356708777902,-0.4734626738882537,-0.4789297009233613,0.5765635755055104
189,-0.1738315152220978,0.17518057900126285,-0.9831305572931645,-0.5104203713954668,0.23997779860236818,0.12358065878707274
33,-0.22436866832781605,-0.08752951375093046,-0.7596287536819212,-0.053979035391894255,-1.5471442564639415,0.15532145402107242
417,0.6179086833754116,-0.008100924333712074,-0.30952303149772026,0.30050331066388125,0.2520509185216469,0.4079913157706317
454,0.32011849157787736,0.04760444669473911,0.5203236013387814,0.15194564582957332,0.23080715758941742,-0.0932407737926985
322,0.22558736584963596,-0.46066007290889427,0.2152183393537216,0.007336318857487425,0.03918805596877757,0.23029896701508673
421,0.4127473486617263,-0.15371209889904755,-0.7641026790616781,-0.37577361430524686,0.696649251297797,0.10399770769411468
476,0.7433779569164741,-0.2863458361575353,-1.006264711592568,0.29114416132902887,-0.15943518181064642,0.5890655889510714
292,0.5446149700022377,0.8522944423107552,-0.06898513206083365,-0.64525953819922,0.3035042852277548,0.2043261461913699
370,0.48003665511187965,0.10923759979618507,-0.13974261455157605,-0.8643137092909683,0.31118070526777253,0.08117395924563682
479,0.4100884172786974,-0.3405969397223984,-0.692276923992015,-0.23065868461708416,1.155966942874372,0.3817671378233216
347,0.5162922260422164,0.004155646653871754,-0.6894408339303836,-0.27077705995402007,-0.11630921362873368,0.39867363435173836
390,0.6416047113195162,0.9319826261976917,0.2622110977526338,-0.008379745715064104,-0.12451434375789817,0.011613098390660503
246,1.4793906679115203,0.18334411377925366,-0.6196478788179252,-0.5588944799619678,0.35457757845039306,6.772458058471582e-4
357,0.6938069896393947,0.14616880378615138,0.4067603814569827,0.15622738095626695,-0.09694997197615669,0.40752908354083034
25,1.1006140825160908,1.3421843777328908,-0.5603733948331684,-0.04768319613514668,-1.0389082311079283,-0.15700840451122355
208,0.27611790927403906,-0.5950788588793159,0.589528916047278,0.21682146509552486,0.0563295292707771,0.11515031600394929
436,0.6182161597360409,-1.014739816635974,0.7859014855859124,0.1629784009785627,-0.5232656129242002,-0.14628514690421288
429,0.7650164514024318,-0.07639508700738692,0.5655888393442812,0.6452428500728054,-0.9592273551152734,0.11259939539296816
272,0.5669552114096122,0.31477121810388,-0.38594231155760483,0.28042264837252606,0.20960489986129333,0.8012336314003984
223,0.17027964510262839,0.26268765384024767,-0.37219384344071993,0.22128260475261682,0.3532096621262274,0.5323114112088884
311,0.34289135252173564,0.11306342212242741,0.6103930976826251,0.02354860927566747,0.24685264211763233,0.40713860166881743
353,0.740568800281813,0.7171438639215223,-0.784030100943574,0.5764425232234811,0.759246534230061,0.8012745677758626
182,-0.2849155836851802,-0.26308663069305843,0.017237332909587975,0.19383515965107417,-0.13429580151756762,0.08156262157365884
376,0.7482723888293739,0.27214602507350255,-0.2030724375969739,0.8014507681879225,-0.11656758342374011,0.5229279442437399
178,-0.19256210855945674,1.0313551945996047,-0.38037359549216754,0.24107299431493487,-1.0952465445928514,0.09630814732383887
435,0.7501723419534799,-0.017315670514140236,-1.0235258563080043,0.8587454008459594,0.5189311049821774,0.11145493913380557
165,-0.04812773896742327,0.1417436864810613,0.3498370494598369,0.48416649851754506,-0.3867282419407573,-0.08759682129572437
344,0.43281103186288117,-0.6404998710455948,0.5133133413744886,0.6535462605405367,-0.23826295655509888,1.1966280419674191
312,0.15151391214082935,-0.6114145242216092,0.322064239030215,0.15003779915292156,-0.3381824054307936,-0.21798943774811216
426,0.5853238400237378,-0.2494386173028879,0.22007508080816002,-0.1434120898373588,0.22588028179315864,1.015588566536184
219,0.40563449865632406,-0.02249523492633275,0.028441384560598353,0.8136549952103559,0.19593835939018459,0.3351978191992857
340,0.36719008837631695,-1.2671864149490282,0.2562157229793285,0.0806701593779235,-0.4426590112446341,0.060358741964904754
365,0.4121348124047534,-0.30815446820104814,0.3357611509793666,-0.11913704341197706,0.07239511867494182,-0.5048368508663562
17,-0.18270075315119985,-0.3024413442899727,-0.0838423939416935,-0.2217986433967664,-0.4829044380818323,-0.21144696397370855
419,0.734101460895058,0.6198564877910131,0.34951686362384654,-0.35098481049966335,0.1950395137089494,-0.29209498016489005
275,0.4097974780155314,1.6167192869446112,0.2381828500746313,-0.477112281496838,-0.7705808479676791,0.42009317173020355
138,-0.021191743065676404,-0.3287500918085067,0.08922068459710766,0.5303848355285617,0.05878402920925119,0.13573144952735886
439,0.6002056689568673,1.6179177916790284,0.7666425008512276,-0.42083095853418123,-0.20564952213445553,0.38031320842493194
393,0.2956239215567282,-0.41914251755129045,-0.6039796750899076,0.40653720961560086,-0.31228468332835396,0.4487552575860863
289,0.11637359946188074,-0.029201937265731757,0.07117940929844678,0.12236828382962703,0.3309243058489499,-0.14651673424902803
213,0.17620880324259972,-0.1415400726289799,0.4177078157775237,-0.07412415580986133,-0.13917963918342532,0.4664338747618034
122,-0.03949208618430337,-0.399407025511505,-0.16740151987198373,-0.2573380524042029,0.008712056984058277,0.17270218577901478
406,0.518877831067798,1.3968952339936194,0.5542316510387079,-0.4297481152080836,-0.020393138755963502,0.1711985647342795
245,-0.012812558468596243,-0.7014934005538251,-0.054246144899381475,-0.13033801086929575,-0.032301264700481565,0.2037931218509366
488,0.4843683723005904,0.2746236543583614,0.17545741585876404,-0.07982207045869835,0.459358292413677,-0.19789902391414582
116,-0.48237558991439383,-1.0900519216240814,0.30210730019959875,0.13976049223436743,-0.08418894712121847,-0.12485210907195496
441,0.27709065174346686,-0.31850581595461736,-0.08302401302946175,-0.15352803114690258,-0.177360955831715,-0.347436899998135
432,0.3162313433978498,-0.25423791535728674,-0.38123753631905394,-0.15931563863603584,0.5570127411055458,0.05723240260820681
404,0.7060966373281157,-0.041962754710305965,0.6603402585055523,-0.2799556730644449,0.45959485391843563,0.32131198588993265
132,-0.046981953520879534,-0.20948283357383035,-1.0033414854335854,-0.15413336006673145,-0.21318168000113868,0.37515908482173993
409,0.6359211817429288,-0.5375034724091109,0.22067282303041358,-0.42373935360448034,-0.0780366702022005,0.208437736806561
302,0.37519888132165163,1.0005538538394099,-0.03077303615653494,-0.3168032813699139,0.2132518235461839,0.15013057510212582
1,1.3251967664975757,0.7396359224526291,-1.155341661408457,-0.8188917308569862,0.6154096358921305,-1.6978425636539398
313,1.4337661859898898,-1.0794500833667295,0.05206643539519491,-0.2892107959675672,-0.25031307829947697,-0.4305197841099737
36,1.0590316690409867,-0.1642588602506739,-1.0055447483817672,-0.2670660609154934,-1.4863944764668824,0.06871319177058344
345,0.7493813235268141,-0.13193391565846288,0.2136169543786387,0.45558892474013696,-0.17352198763235432,0.3813479329349069
377,0.7342066672722225,0.9932635241670578,-0.23957497360411448,0.4200091633797687,-0.17793947308420163,0.55356287579431
143,0.19181910567415963,-0.24665133817406765,-1.3212213707855114,0.3182720608304034,-0.1892048245243675,0.567094897184188
499,0.9855159710454684,-0.21904243417030245,-0.6705547918283251,0.565845120560154,0.38307082174995205,0.4642763139081259
423,0.7736992182051593,-0.7129741166111216,0.5441232021728609,0.630001435055911,-0.025151501750028258,0.5112457479583761
221,0.4623666126841009,0.2297720184356648,-0.7365653164755086,0.4460966530228803,0.5553081461870453,0.4491472900185688
257,0.09266881784738511,-0.20195323081626632,0.4234586931031301,0.3646408867733248,0.11398895867790769,0.8501501694874235
481,0.76000284525945,-0.016391704176957345,-0.622863625152826,0.4044354097605801,0.5374667948184187,0.48897445485176677
341,0.7252297299085116,-0.19421849176037562,-0.206503734440586,0.6812406481814098,-0.4689216282547183,0.6661685362154787
279,0.5874212507014055,-0.5540360489311161,-1.0140252068683715,0.4201648172255525,-0.25804397909877297,0.21678598027588455
43,-0.30944670429570603,-0.7119201606782584,-0.5447059878412561,0.32948057523285146,-0.4782055688659758,-0.17177412602020167
398,0.7517442992696669,-0.04407322466667957,-0.03482895205857745,1.2780288513462725,-0.533120969887913,0.6021456166763629
327,0.599521095607478,0.47373340802466213,-0.5018139098766385,0.3487970837455314,0.3366080391886156,-0.17056966717907715
271,0.14327353436614396,-0.19921761481066408,-0.7241341610345103,0.7725237011129343,-0.9362033781916672,0.15313010479966707
452,0.3022950142250608,-0.34263639878850216,0.3421927585537215,0.16142939545064347,0.1308405119503082,-0.01807024462739674
430,0.46970174561919636,-0.5898362621628528,1.1811400773675198,1.0305534221301016,-0.49232591862538383,-0.6578565911962729
268,0.36341582423459934,0.7251817799426856,0.4510404992666481,0.1335399802485369,0.43831005426188807,0.26299599883290276
402,0.37854995177954665,-1.2596807970779684,0.6717680812657202,0.8911488720260002,-0.16472438177637166,0.49150260962499476
323,0.6462452787249429,0.18431968903883406,0.5741993085997299,0.5877817803100214,0.20006204602668207,-0.30920929279855985
362,0.5243789415006528,0.6764192573989506,0.6427043082240798,-0.27446240266074,0.10420496701570173,0.3016377881299251
262,0.030890744363490073,0.05548074117728923,-0.4444985717424103,0.08498347823003989,0.009543580161087941,-0.0597100381868459
428,0.30191678472214206,-0.26372203189381316,-0.41615144895698897,-0.1413937471445885,-1.0310542214109035,-0.005239103102000475
328,0.24650374049366236,1.8417390766701118,-0.01544699835486036,-0.18180459641396518,0.09128968378809924,0.20176255493695597
287,0.5800411517336307,-0.2587855752642426,0.542279964135865,0.6058640727491074,-0.14875894859169206,0.15882309957447957
373,0.42942127192102497,1.7582868182755467,0.5406625962850444,0.005919458595668435,-0.28838187540297067,0.45331367086419866
299,0.47280144504769234,-0.3463068226681952,-0.2115241839935222,0.5129407877955403,-0.1571810192398763,-0.22571998729097667
399,0.2749514024242271,-0.04708943966057705,-0.23278356607920006,0.45291673984676056,-0.5190811997308832,-0.1324418905832284
290,0.10921193370564096,0.5013213259526156,0.4146440848060604,-0.08785030120784745,-0.19554034857396704,0.3894459852153313
414,0.7109336064649217,-0.38972789943921415,0.9432916033893155,0.0357107388376887,-0.016439376177965263,0.015127006910840771
254,0.18889178403580792,-0.37367741259393417,0.26088510518098146,0.2957412825900284,-0.1303965771547774,-0.40698546756101867
156,0.26295823579714434,0.0607015015778105,-1.266360145322009,0.1357170380492864,-0.3717654928765481,0.2464367900222794
145,-0.4088877638951196,-0.2870688459464991,-0.037947988011708504,0.09460234795163754,0.24493851081280177,0.042897050971754676
296,0.3729601704927152,-0.14989005567574276,0.7470033739919518,0.08888062583751316,-0.12143670084002259,-0.21519626881559065
459,0.41506881806083923,-0.4926253591389514,0.5485868389599332,-0.22077189673149092,-0.05514383558626183,-0.0710370571315033
411,0.21421116869613446,-1.0758335136378419,-0.07933854323702984,-0.0012438029745746476,-0.5198603363050256,0.3608360887950962
490,1.4074872615927208,-0.8933479944983603,-0.17295173875244055,0.1311721802915077,0.16954036159036726,-0.40597390421019913
400,1.0580959497024556,-0.792886978162961,0.855776620392603,0.13446139240415306,-0.2735532704523928,-0.007484013979846532
484,0.9618247755042264,-1.1675179359541055,-0.18489474474059917,0.6551621574074681,0.6230071980638182,-0.7472804809268577
315,0.7701239352524569,0.9561142004779835,0.005536358641031468,0.6248111843266317,-0.16022272108172106,0.38897313290438923
300,0.4819154068894627,0.26824248411933793,-0.102448018840869,0.5155599572662437,-0.14864106548065034,0.4283453009922436
478,1.1570323366866242,0.5573966864089086,0.5636958771742647,0.9399059705810383,-0.65428415211808,-0.2779730550819905
358,0.6082459300404482,-0.1273434343346454,-0.8932822409853717,0.894657915597654,-0.4664322904580004,0.08052221601924207
319,0.521664142525164,-0.44373722242551283,-0.14548491412764697,0.6854051823724094,-0.07104366359155448,0.23355162214542133
243,0.41947052867622886,0.6900837639927154,0.27363632261488136,0.05292232329046504,-0.6786788781692389,0.34436526456963645
348,0.5799576396920308,-0.19781670948431893,0.7287012306443241,0.6790295135717417,-0.7593385309917977,-0.7687704777187826
39,1.5204728412698414,1.1528983404790343,-1.7397402463941813,0.1536328282347767,0.49002099947101363,-0.6524114497794753
40,1.3979589608738006,1.2706041654948075,-1.805528049905446,0.06356347121288677,0.6465671063745618,-0.8690907136538664
461,0.5964847421488928,-0.009312423087769734,0.4206164147103553,0.44435139122894435,-0.5952198063344305,-0.3452453333514327
444,0.7506629413091472,-0.3558125849692422,0.7591027044540654,-0.31788142992540197,-0.06945800985603136,-0.4971405396809358
431,0.611116944933827,-0.23098633599552415,0.21757637465006552,0.9363723165983373,0.18742305841173001,0.42134638078679615
445,0.74009101342673,-0.004360019897265943,0.037804046593714315,0.6636692488645135,-0.3475781876515351,0.3004651786524098
23,0.4183526102110478,-0.012244982442979911,-1.073648060658324,0.5635739223583568,-0.3366757553119924,0.21697511088364657
360,0.3803183235450567,-0.5954970128825416,-0.5655089820595142,0.6378241818566514,-0.02675237744195147,0.7393679768946148
413,0.785429451208316,0.7951359515319117,0.3645155688766063,0.6150641265423086,-0.012003714030025618,-0.017358549124248078
301,0.26912381060775203,0.39828750333390184,0.12513089286482482,0.06691620757400123,0.009096510596501937,-0.17811435752048566
416,0.4137193631882992,-0.14696704558745852,-0.03237880077002993,0.5954753096946599,-0.2195842663203018,-0.2268888495629097
489,0.5970493501819422,0.051043251548276714,-0.8589663717249363,0.818013579716855,0.3308140768819811,-0.6530103697495155
324,0.47123643516466834,-0.2027221139765497,-0.7554828953195822,0.4244882934198138,-0.21627706190568988,0.8008013980799605
443,0.5207695320524357,-0.09660067814879379,-0.7794642147140006,0.4482308996022061,0.11713778607359683,0.23878196126640988
335,0.35482619601548343,0.2348798160463865,0.6863235035345143,-0.318764856293574,-0.39843562935106874,0.38140585451262426
356,0.5393516893266463,-0.9838318022401927,0.2008079855618667,0.10927743198937873,-0.4156553242730786,-0.042245593319354936
382,0.45030293881978206,0.256586153889161,0.13348446041884135,0.3298721388078515,-0.42366899816645365,-0.18965070485861513
270,0.06394697389830198,-1.1261532026449566,0.05563647679388263,0.3648755579183507,-0.30636388660928743,-0.09585092752927493
332,0.25201933040013713,-0.5540199792947842,-1.038826613380796,-0.14967027566219465,0.4980394884603102,0.012231843765347373
407,0.7176736064899851,0.5109298078202631,-0.08907244714238362,0.2468337202293005,0.9626056308902144,-0.7264310462681802
401,0.46537519116216686,-0.8559982968171628,-0.11995175616063626,0.48497685184232936,0.7732422378675494,-0.20952672020067528
188,0.3542964071932664,0.20275708810074744,-0.03714981039995946,0.29627054812777454,-0.09765626284997425,-0.335688225495533
378,0.5903710835564635,-0.7324600320357525,0.7553865472888702,0.22502229841109797,-0.7503535246090567,-0.13968070348702258
466,0.4584206283105841,-0.5100478513150164,0.04755597384019862,0.11642794406868735,0.23851606790091395,-0.4783682666598582
455,1.6052343036428485,-1.207532465285818,0.5982626387540199,-0.3184841503078923,0.46579118511617157,0.07636492511125503
190,2.0524371619803112,0.08382529262949413,0.004353363607037063,0.18606615469258092,-0.8366169634382804,-0.5545343816174685
491,1.3062460068790491,-0.15689220321348712,0.16522192521219917,0.5069469171941191,-0.13921615641506677,-0.23875909729098826
320,0.6302563364772726,0.035216348111707485,0.1414933296303768,0.9985114030712955,-0.6022053029453551,0.03911571369666547
366,0.7157968667386059,-0.11109782615497579,0.7809088709410391,0.8085575476675139,0.43395745293483284,0.5214262104943015
471,0.9119847228806741,-0.14581203182906227,-0.6191325076059713,0.738704123364063,-1.7605395634075869,0.09849373385175822
457,1.151481407120701,0.30053810465257264,-1.304168707718828,0.3140123948990369,0.4617963340410071,0.07612884428670316
386,1.584103358736154,-0.04285216767239702,-0.14147350966847905,0.779690059705504,0.11461632849351686,-0.523515419543924
492,0.9383772438001114,0.03473337271971236,-0.4393514094636582,0.7283510718541587,0.1898266809589076,0.4418897675031569
247,1.1343441321789018,0.293874650449793,0.38827482286025616,0.27759573222848566,0.41008386793521506,0.11249256380369509
295,1.1521639748459271,-0.34432038224757955,-0.2583417409994678,0.9437850972996779,0.07000926697026981,-0.35228201352330335
485,1.202555112662744,0.3983415665372916,0.7828639543762251,0.3983356934443282,0.4185512244043481,-0.02511608326347706
244,0.37749718028535356,0.7730159617030999,0.2556163656721173,0.5861052834079249,0.19674335949050495,0.3168903215030693
427,0.6908491752448909,0.16748253080114425,-0.5336232538803144,0.30486213755576597,0.649087801329005,0.32201257383941045
385,0.6448420659950329,-0.35555880235170373,-0.042605644542321804,1.057821285855731,-0.6417317834828054,-0.3769850642911415
450,0.8785009364011649,0.0875494405677818,-0.42735861391676583,0.5826602999193545,0.2856249609357505,-0.8662653970796064
474,0.817109683208955,0.33873066095960047,0.41500149857965246,0.8935191587098609,-0.36673422089704105,-0.13294583991575737
475,0.6291387256322953,-0.023013678133424125,-0.8561098747025693,0.8501632149506503,0.8720678299271281,-0.3591884185705895
453,2.531438314947765,-0.17465900352021932,1.1144632562132442,-0.4067233778336456,0.46257021514055235,-1.0412402988095262
26,0.48403872670447623,0.24761168098058278,-0.7648866481319824,0.44151053795693157,-1.5717040973988292,-0.7048733160597649
346,0.35118462806655515,-0.12375442620912774,-0.21020753019455019,0.6926101141972426,-0.13000865742583703,-1.1584390769322552
303,0.29070303810058856,0.08561838495346219,-0.826714101504948,0.39134478021630625,1.0632519871377664,0.513762082518295
38,1.0837734942578674,0.3888584755137994,-2.026535522220018,-0.6652945284860657,-0.7594893809985779,-1.3177986756610107
464,0.7651845304384184,-0.18715404766430463,0.02076069330705906,0.48892985761983,-0.4102997947174568,-0.21084999577946933
239,0.24085369474953566,-1.139450449824005,0.663313668819437,0.5719982985580614,0.02040010443436981,-0.06004479554153488
498,0.960006300447009,0.38391420591212105,1.1001282509999124,0.39163494103216717,0.271895607559707,0.008328305111515095
176,1.3973592185710304,0.38985720948365093,0.6906038310569035,0.12899304615923043,0.15536087675118498,-0.7025217805198456
392,0.7024124858128971,-0.6617713519114465,0.4747234210781384,-0.12644345072834134,0.054734378307423566,-0.3806907595229234
41,2.2604425209967567,-0.43877635618521643,-0.3881197355795654,-1.9326937516031453,0.979129325582159,-2.4477183959551603
391,1.2983029522044134,0.191297724560299,-0.2683196748612991,0.17154929550835937,0.6448621795677064,-1.4937525616309626
486,0.7905403076371035,-0.41084808379516,0.19232077291087443,-0.20340284821475113,-0.4429351374305227,-0.18327436702530692
276,1.0835992555201726,0.4336073927815917,-0.4327841249125237,-0.19280947328921216,-0.14941784473367964,-1.1804133796034235
446,0.8457369465072098,-0.2522454676879105,-1.2457270983539543,0.1258687953463511,0.6185550454182475,0.6469594760647548
